"Mean","SD","Type","Day"
0.142084121704102,0.176336042634717,"Eye",6
0.493649679799992,0.0602221546066846,"Hand",6
