"Mean","SD","Type","Day"
0.349848527908325,0.214370533365155,"Eye",4
0.559867042559993,0.0804298920125284,"Hand",4
