"Mean","SD","Type","Day"
0.459762744903565,0.194081035737056,"Eye",1
0.583405656399989,0.125641416278538,"Hand",1
