"Mean","SD","Type","Day"
0.384699440002441,0.215901660052162,"Eye",2
0.579788356919998,0.0868615934785392,"Hand",2
