"Mean","SD","Type","Day"
0.231891984939575,0.266493735027225,"Eye",5
0.581885964680005,0.165468448597113,"Hand",5
