"Mean","SD","Type","Day"
0.32304030418396,0.210582908530778,"Eye",3
0.56319050731999,0.0704820538268981,"Hand",3
